Subject,Mutant,Failed TCs,Total Probes,Top Condition,Max Suspicion,Status,c1,c2,c3,c4,c5,c6,c7,c8,c9,c10,c11,c12,c13,c14,c15,c16,c17
printtokens,v1,2,4,c1,0.711,ACCEPTED,0.711,0.5535,0.0,0.0,,,,,,,,,,,,,
printtokens,v2,26,4,c2,0.7321,ACCEPTED,0.7284,0.7321,0.3434,0.3438,,,,,,,,,,,,,
printtokens,v3,25,4,c1,0.7313,ACCEPTED,0.7313,0.5665,0.4044,0.4048,,,,,,,,,,,,,
printtokens,v4,11,4,c2,0.6904,ACCEPTED,0.6886,0.6904,0.2359,0.2362,,,,,,,,,,,,,
printtokens,v5,108,4,c3,0.7843,ACCEPTED,0.7156,0.7174,0.7843,0.7829,,,,,,,,,,,,,
printtokens,v6,87,4,c2,0.7055,ACCEPTED,0.7036,0.7055,0.4493,0.4373,,,,,,,,,,,,,
printtokens,v7,17,4,c1,0.7307,ACCEPTED,0.7307,0.6589,0.1663,0.1665,,,,,,,,,,,,,
printtokens2,v1,101,17,c13,0.8886,ACCEPTED,0.5844,0.5844,0.6269,0.6347,0.6386,0.5844,0.5844,0.5844,0.5844,0.5844,0.5844,0.5844,0.8886,0.7829,0.812,0.0,0.0
printtokens2,v10,125,17,c1,0.585,ACCEPTED,0.585,0.585,0.1922,0.2034,0.2593,0.2656,0.2688,0.585,0.585,0.585,0.585,0.585,0.585,0.22,0.524,0.3526,0.372
printtokens2,v2,106,17,c15,0.8872,ACCEPTED,0.5846,0.5846,0.6605,0.6769,0.6271,0.6349,0.6388,0.5846,0.5846,0.5846,0.5846,0.5846,0.5846,0.5846,0.8872,0.7678,0.7966
printtokens2,v3,5,17,c17,0.714,ACCEPTED,0.5822,0.5822,0.2429,0.2539,0.6232,0.6308,0.6345,0.5822,0.5822,0.5822,0.5822,0.5822,0.5822,0.5822,0.7135,0.6743,0.714
printtokens2,v4,215,17,c15,0.7887,ACCEPTED,0.5873,0.5873,0.6664,0.6664,0.6171,0.6213,0.6248,0.5873,0.5873,0.5873,0.5873,0.5873,0.5873,0.5873,0.7887,0.7532,0.7711
printtokens2,v5,125,17,c1,0.585,ACCEPTED,0.585,0.585,0.2292,0.242,0.2663,0.2728,0.276,0.585,0.585,0.585,0.585,0.585,0.585,0.585,0.5456,0.3747,0.4087
printtokens2,v6,235,17,c15,0.8757,ACCEPTED,0.5879,0.5879,0.6655,0.6828,0.6324,0.6407,0.6447,0.5879,0.5879,0.5879,0.5879,0.5879,0.5879,0.5879,0.8757,0.7097,0.7373
printtokens2,v7,150,17,c6,0.7883,ACCEPTED,0.5857,0.5857,0.6628,0.6729,0.7875,0.7883,0.6223,0.6221,0.6258,0.5857,0.5857,0.5857,0.5857,0.5857,0.5857,0.5857,0.6623
printtokens2,v8,113,17,c16,0.8858,ACCEPTED,0.5847,0.5847,0.6603,0.6767,0.6274,0.6352,0.6391,0.6392,0.5847,0.5847,0.5847,0.5847,0.5847,0.5847,0.5847,0.8858,0.7699
printtokens2,v9,25,17,c17,0.8986,ACCEPTED,0.5826,0.5826,0.6563,0.6721,0.7739,0.7746,0.624,0.6316,0.6353,0.5826,0.5826,0.5826,0.5826,0.5826,0.5826,0.5826,0.8986
schedule,v1,4,6,c4,0.4215,ACCEPTED,0.3523,0.3523,0.4201,0.4215,0.2228,0.2257,,,,,,,,,,,
schedule,v2,210,6,c4,0.5961,ACCEPTED,0.5229,0.5229,0.5945,0.5961,0.5363,0.5408,,,,,,,,,,,
schedule,v3,159,6,c4,0.6001,ACCEPTED,0.5224,0.5224,0.5985,0.6001,0.5299,0.5344,,,,,,,,,,,
schedule,v4,294,6,c4,0.6071,ACCEPTED,0.5243,0.5243,0.6053,0.6071,0.539,0.5437,,,,,,,,,,,
schedule,v5,37,6,c4,0.5945,ACCEPTED,0.521,0.521,0.5931,0.5945,0.4648,0.469,,,,,,,,,,,
schedule,v6,4,6,c4,0.4215,ACCEPTED,0.3523,0.3523,0.4201,0.4215,0.2228,0.2257,,,,,,,,,,,
schedule,v7,27,6,c4,0.5544,ACCEPTED,0.521,0.521,0.5529,0.5544,0.4831,0.4873,,,,,,,,,,,
schedule,v8,31,6,c4,0.5943,ACCEPTED,0.5213,0.5213,0.5928,0.5943,0.5348,0.539,,,,,,,,,,,
schedule,v9,23,6,c1,0.0,ACCEPTED,0.0,0.0,0.0,0.0,0.0,0.0,,,,,,,,,,,
schedule2,v1,65,12,c2,0.766,ACCEPTED,0.5126,0.766,0.505,0.514,0.5048,0.5049,0.5041,0.5041,0.5041,0.5041,0.0,0.0,,,,,
schedule2,v10,46,12,c2,0.9661,ACCEPTED,0.5125,0.9661,0.4775,0.4792,0.5047,0.5082,0.5047,0.5048,0.5041,0.5041,0.5041,0.5041,,,,,
schedule2,v2,31,12,c6,0.5138,ACCEPTED,0.5124,0.0,0.5075,0.5093,0.5049,0.5138,0.5047,0.5048,0.504,0.504,0.504,0.504,,,,,
schedule2,v3,34,12,c6,0.5138,ACCEPTED,0.5124,0.0,0.4197,0.4214,0.5049,0.5138,0.5047,0.5048,0.504,0.504,0.0,0.0,,,,,
schedule2,v4,2,12,c4,0.5137,ACCEPTED,0.0,0.0,0.5048,0.5137,0.5047,0.5048,0.504,0.504,0.504,0.504,0.0,0.0,,,,,
schedule2,v5,32,12,c6,0.5138,ACCEPTED,0.5124,0.0,0.0824,0.0829,0.5049,0.5138,0.5048,0.5049,0.504,0.504,0.504,0.504,,,,,
schedule2,v6,7,12,c2,0.8936,ACCEPTED,0.5123,0.8936,0.3833,0.3835,0.5048,0.5136,0.5047,0.5048,0.504,0.504,0.504,0.504,,,,,
schedule2,v7,31,12,c6,0.5138,ACCEPTED,0.5124,0.0,0.5075,0.5093,0.5049,0.5138,0.5047,0.5048,0.504,0.504,0.504,0.504,,,,,
schedule2,v8,47,12,c2,0.9659,ACCEPTED,0.5125,0.9659,0.4806,0.4824,0.5047,0.5083,0.5041,0.5041,0.5041,0.5041,0.0,0.0,,,,,
schedule2,v9,0,12,N/A,0.0,PURGED,0.0,0.0,0.0,0.0,0.0,0.0,0.0,0.0,0.0,0.0,0.0,0.0,,,,,
tcas,v1,131,6,c6,0.9106,ACCEPTED,0.5051,0.6193,0.5218,0.5999,0.6617,0.9106,,,,,,,,,,,
tcas,v10,14,6,c6,0.9041,ACCEPTED,0.5047,0.6086,0.5299,0.5887,0.6464,0.9041,,,,,,,,,,,
tcas,v11,14,6,c2,0.6086,ACCEPTED,0.5047,0.6086,0.5299,0.5887,0.0,0.0,,,,,,,,,,,
tcas,v12,70,6,c6,0.8854,ACCEPTED,0.5049,0.5208,0.2243,0.532,0.575,0.8854,,,,,,,,,,,
tcas,v13,4,6,c6,0.8924,ACCEPTED,0.5047,0.5992,0.5585,0.5672,0.6378,0.8924,,,,,,,,,,,
tcas,v14,50,6,c1,0.5049,ACCEPTED,0.5049,0.0,0.0,0.0,0.0,0.0,,,,,,,,,,,
tcas,v15,10,6,c6,0.8464,ACCEPTED,0.5047,0.5873,0.0,0.624,0.6281,0.8464,,,,,,,,,,,
tcas,v16,70,6,c6,0.9138,ACCEPTED,0.5049,0.6135,0.4503,0.6105,0.6534,0.9138,,,,,,,,,,,
tcas,v17,35,6,c6,0.9109,ACCEPTED,0.5048,0.6104,0.5127,0.5946,0.6489,0.9109,,,,,,,,,,,
tcas,v18,29,6,c6,0.8402,ACCEPTED,0.5048,0.6099,0.6226,0.557,0.6482,0.8402,,,,,,,,,,,
tcas,v19,19,6,c6,0.9121,ACCEPTED,0.5048,0.609,0.6258,0.5546,0.647,0.9121,,,,,,,,,,,
tcas,v2,67,6,c6,0.7986,ACCEPTED,0.5049,0.6132,0.5897,0.5738,0.653,0.7986,,,,,,,,,,,
tcas,v20,18,6,c6,0.9164,ACCEPTED,0.5048,0.609,0.5947,0.5681,0.6469,0.9164,,,,,,,,,,,
tcas,v21,16,6,c6,0.9165,ACCEPTED,0.5048,0.6088,0.6996,0.5052,0.6466,0.9165,,,,,,,,,,,
tcas,v22,11,6,c5,0.646,ACCEPTED,0.5047,0.6084,0.3225,0.6237,0.646,0.0,,,,,,,,,,,
tcas,v23,42,6,c4,0.6498,ACCEPTED,0.5048,0.611,0.0,0.6498,0.6498,0.0,,,,,,,,,,,
tcas,v24,7,6,c4,0.6456,ACCEPTED,0.5047,0.6081,0.0,0.6456,0.6456,0.0,,,,,,,,,,,
tcas,v25,4,6,c4,0.6452,ACCEPTED,0.5047,0.6078,0.0,0.6452,0.6452,0.0,,,,,,,,,,,
tcas,v26,11,6,c6,0.8751,ACCEPTED,0.5047,0.595,0.4757,0.5837,0.634,0.8751,,,,,,,,,,,
tcas,v27,10,6,c6,0.8464,ACCEPTED,0.5047,0.5873,0.0,0.624,0.6281,0.8464,,,,,,,,,,,
tcas,v28,76,6,c6,0.7065,ACCEPTED,0.5049,0.614,0.3511,0.6263,0.6541,0.7065,,,,,,,,,,,
tcas,v29,18,6,c5,0.6469,ACCEPTED,0.5048,0.609,0.2246,0.6334,0.6469,0.0,,,,,,,,,,,
tcas,v3,23,6,c6,0.9003,ACCEPTED,0.5048,0.6094,0.8485,0.0,0.6201,0.9003,,,,,,,,,,,
tcas,v30,58,6,c6,0.7468,ACCEPTED,0.5049,0.6124,0.3849,0.6201,0.6518,0.7468,,,,,,,,,,,
tcas,v31,14,6,c6,0.9166,ACCEPTED,0.5047,0.6086,0.5299,0.5887,0.6464,0.9166,,,,,,,,,,,
tcas,v32,2,6,c4,0.645,ACCEPTED,0.5047,0.6076,0.0,0.645,0.645,0.0,,,,,,,,,,,
tcas,v33,89,6,c5,0.6559,ACCEPTED,0.505,0.6152,0.5305,0.5942,0.6559,0.0,,,,,,,,,,,
tcas,v34,77,6,c6,0.8848,ACCEPTED,0.5049,0.0,0.0,0.5318,0.5696,0.8848,,,,,,,,,,,
tcas,v35,76,6,c6,0.7065,ACCEPTED,0.5049,0.614,0.3511,0.6263,0.6541,0.7065,,,,,,,,,,,
tcas,v36,123,6,c5,0.6606,ACCEPTED,0.5051,0.6185,0.4708,0.611,0.6606,0.0,,,,,,,,,,,
tcas,v37,95,6,c5,0.6567,ACCEPTED,0.505,0.6158,0.5269,0.5956,0.6567,0.0,,,,,,,,,,,
tcas,v38,76,6,c6,0.7323,ACCEPTED,0.5049,0.614,0.4721,0.6068,0.6541,0.7323,,,,,,,,,,,
tcas,v39,4,6,c4,0.6452,ACCEPTED,0.5047,0.6078,0.0,0.6452,0.6452,0.0,,,,,,,,,,,
tcas,v4,23,6,c6,0.9162,ACCEPTED,0.5048,0.6094,0.3119,0.6259,0.6475,0.9162,,,,,,,,,,,
tcas,v40,123,6,c6,0.911,ACCEPTED,0.5051,0.6185,0.4708,0.611,0.6606,0.911,,,,,,,,,,,
tcas,v41,23,6,c6,0.9162,ACCEPTED,0.5048,0.6094,0.3119,0.6259,0.6475,0.9162,,,,,,,,,,,
tcas,v5,10,6,c6,0.8464,ACCEPTED,0.5047,0.5873,0.0,0.624,0.6281,0.8464,,,,,,,,,,,
tcas,v6,12,6,c6,0.9167,ACCEPTED,0.5047,0.6085,0.5684,0.5771,0.6462,0.9167,,,,,,,,,,,
tcas,v7,36,6,c6,0.9086,ACCEPTED,0.5048,0.6105,0.5055,0.5964,0.6491,0.9086,,,,,,,,,,,
tcas,v8,1,6,c4,0.6449,ACCEPTED,0.5047,0.6076,0.0,0.6449,0.6449,0.0,,,,,,,,,,,
tcas,v9,7,6,c4,0.6456,ACCEPTED,0.5047,0.6081,0.0,0.6456,0.6456,0.0,,,,,,,,,,,
totinfo,v1,158,2,c2,0.5764,ACCEPTED,0.5623,0.5764,,,,,,,,,,,,,,,
totinfo,v10,8,2,c2,0.564,ACCEPTED,0.5524,0.564,,,,,,,,,,,,,,,
totinfo,v11,199,2,c2,0.5807,ACCEPTED,0.5656,0.5807,,,,,,,,,,,,,,,
totinfo,v12,33,2,c2,0.5658,ACCEPTED,0.5538,0.5658,,,,,,,,,,,,,,,
totinfo,v13,128,2,c2,0.5736,ACCEPTED,0.56,0.5736,,,,,,,,,,,,,,,
totinfo,v14,1,2,c1,0.0,ACCEPTED,0.0,0.0,,,,,,,,,,,,,,,
totinfo,v15,199,2,c2,0.5807,ACCEPTED,0.5656,0.5807,,,,,,,,,,,,,,,
totinfo,v16,170,2,c2,0.5776,ACCEPTED,0.5632,0.5776,,,,,,,,,,,,,,,
totinfo,v17,44,2,c2,0.5666,ACCEPTED,0.5545,0.5666,,,,,,,,,,,,,,,
totinfo,v18,115,2,c2,0.5713,ACCEPTED,0.5591,0.5713,,,,,,,,,,,,,,,
totinfo,v19,72,2,c2,0.3813,ACCEPTED,0.3697,0.3813,,,,,,,,,,,,,,,
totinfo,v2,10,2,c2,0.5639,ACCEPTED,0.5522,0.5639,,,,,,,,,,,,,,,
totinfo,v21,90,2,c2,0.5486,ACCEPTED,0.5364,0.5486,,,,,,,,,,,,,,,
totinfo,v22,23,2,c2,0.5651,ACCEPTED,0.5532,0.5651,,,,,,,,,,,,,,,
totinfo,v23,71,2,c2,0.5687,ACCEPTED,0.5561,0.5687,,,,,,,,,,,,,,,
totinfo,v3,2,2,c1,0.0,ACCEPTED,0.0,0.0,,,,,,,,,,,,,,,
totinfo,v4,33,2,c2,0.5658,ACCEPTED,0.5538,0.5658,,,,,,,,,,,,,,,
totinfo,v5,29,2,c2,0.5655,ACCEPTED,0.5536,0.5655,,,,,,,,,,,,,,,
totinfo,v6,41,2,c2,0.4615,ACCEPTED,0.4493,0.4615,,,,,,,,,,,,,,,
totinfo,v7,123,2,c2,0.5731,ACCEPTED,0.5596,0.5731,,,,,,,,,,,,,,,
totinfo,v8,199,2,c2,0.5807,ACCEPTED,0.5656,0.5807,,,,,,,,,,,,,,,
totinfo,v9,37,2,c2,0.5661,ACCEPTED,0.554,0.5661,,,,,,,,,,,,,,,
